profile_id,rows,minutes,speed_max,pm_min,pm_max,pm_swing,max_const_torque_s
2,19357,161.30833333333334,100.552001953125,22.97041702270508,45.98556137084961,23.015144348144528,1.0
3,19248,160.4,100.28964233398438,22.751144409179688,29.01161193847656,6.2604675292968714,1.0
4,33424,278.53333333333336,6000.01513671875,22.924949645996097,99.3966293334961,76.4716796875,0.5
5,14788,123.23333333333333,1000.4359130859376,25.889381408691406,39.93896484375,14.049583435058594,1.0
6,40388,336.56666666666666,4999.96240234375,24.34982109069824,93.5129623413086,69.16314125061035,1.0
7,14651,122.09166666666667,500.0233154296875,25.058292388916016,35.8453483581543,10.787055969238281,1.5
8,18757,156.30833333333334,1500.001953125,24.012279510498047,44.285308837890625,20.273029327392578,0.5
9,20336,169.46666666666667,2499.98974609375,24.80129623413086,51.110816955566406,26.309520721435547,0.5
10,15256,127.13333333333334,5997.06396484375,22.92877769470215,72.08063507080078,49.15185737609863,1.0
11,7887,65.725,5938.34765625,24.221370697021484,57.10593032836914,32.884559631347656,0.5
12,21942,182.85,1999.99462890625,24.082582473754883,47.838409423828125,23.755826950073242,0.5
13,35906,299.21666666666664,250.04318237304688,21.032411575317383,31.87829971313477,10.845888137817386,1.0
14,18598,154.98333333333332,2999.988525390625,23.168277740478516,59.170379638671875,36.00210189819336,1.0
15,18124,151.03333333333333,3999.968994140625,21.8292236328125,94.61751556396484,72.78829193115234,1.0
16,20645,172.04166666666666,750.0158081054688,23.827301025390625,46.98088836669922,23.153587341308594,1.0
17,15964,133.03333333333333,4999.97119140625,24.26473617553711,69.58853149414062,45.323795318603516,0.5
18,37732,314.43333333333334,100.0724105834961,23.177406311035156,38.56292343139648,15.385517120361321,1.0
19,10410,86.75,5999.966796875,24.474061965942383,96.78407287597656,72.31001091003418,1.0
20,43971,366.425,5749.97314453125,23.534149169921875,105.94872283935548,82.41457366943361,1.0
21,17321,144.34166666666667,4499.97412109375,20.856956481933594,91.50621032714844,70.64925384521484,1.0
23,11856,98.8,3499.978759765625,22.643051147460938,96.7501220703125,74.10707092285156,0.5
24,15015,125.125,5499.970703125,21.932239532470703,113.60662841796876,91.67438888549806,0.5
26,16666,138.88333333333333,3499.994140625,23.891916275024418,95.45230102539062,71.56038475036621,1.5
27,35361,294.675,5849.95068359375,21.92321395874023,109.33384704589844,87.4106330871582,1.0
29,21358,177.98333333333332,5969.96142578125,22.506166458129883,98.10128021240234,75.59511375427246,1.0
30,23863,198.85833333333332,1959.9969482421875,22.888792037963867,53.278934478759766,30.3901424407959,1.0
31,15587,129.89166666666668,5999.96435546875,24.033004760742188,102.09822845458984,78.06522369384766,1.0
32,20960,174.66666666666666,3999.978759765625,21.213623046875,88.3455810546875,67.1319580078125,1.0
36,22609,188.40833333333333,1799.9931640625,21.360401153564453,47.37163543701172,26.011234283447266,1.0
41,16700,139.16666666666666,4999.971463787311,26.44238405927623,94.29486191793532,67.85247785865909,1584.0
42,16920,141.0,4000.118302061901,26.88723753009588,72.7651136543214,45.877876124225516,1733.5
43,8443,70.35833333333333,4999.952244880068,28.122246006596622,69.14049020060897,41.01824419401234,627.0
44,26341,219.50833333333333,5499.968204199491,32.977203350170065,84.73188742211002,51.754684071939955,2736.5
45,17142,142.85,4999.968008457303,26.29488071629573,89.65303692919542,63.358156212899694,2744.5
46,2180,18.166666666666668,5902.034164646629,78.08220902264821,92.91460536629928,14.83239634365107,0.5
47,2176,18.133333333333333,5902.52389424351,72.247170339637,79.31810559877164,7.070935259134643,0.5
48,21983,183.19166666666666,5976.122647344363,55.72634528876606,89.17093967345724,33.44459438469118,156.5
49,10816,90.13333333333334,5968.584805564656,39.74662022125604,81.91990363337037,42.17328341211433,0.5
50,10810,90.08333333333333,5968.470770139915,34.661410313884495,75.85317355311611,41.19176323923161,0.5
51,6261,52.175,5884.491045897335,31.71891222992771,84.59714894379134,52.87823671386363,0.5
52,3726,31.05,5878.078607740089,49.45625359695721,78.21761696957871,28.761363372621503,0.5
53,32442,270.35,5941.269342169981,50.04227507427966,87.94126464537183,37.89898957109217,0.5
54,10807,90.05833333333334,5929.4299245594,29.601274466337728,77.04464742515248,47.44337295881475,0.5
55,10807,90.05833333333334,5929.420766034631,27.482064019363396,80.19198944080384,52.709925421440445,0.5
56,33123,276.025,5981.344042117183,53.95522101909368,97.55267428945756,43.59745327036388,0.5
57,14403,120.025,5941.891018793704,26.280030362660384,88.63075111510535,62.35072075244497,0.5
58,33382,278.18333333333334,5946.575465557418,38.13721877091794,92.9798480596275,54.84262928870956,93.0
59,7475,62.291666666666664,5896.685493442599,45.36862682926371,92.43740884161018,47.06878201234647,102.5
60,14543,121.19166666666666,5901.428344544473,35.50593798807242,85.14626120330462,49.6403232152322,661.0
61,14516,120.96666666666667,5928.642347242137,60.94453173858751,92.76439365741376,31.819861918826255,729.5
62,25600,213.33333333333334,5898.618092554092,23.055231794786028,76.26787895485614,53.21264716007012,8072.5
63,16668,138.9,5945.239779905408,27.42243672056358,71.6360629782701,44.21362625770652,1589.5
64,6250,52.083333333333336,5878.893795991276,26.412341450556575,69.44048678430156,43.02814533374498,0.5
65,40094,334.1166666666667,5960.176644570681,25.670752344224184,93.0631816822482,67.39242933802402,6096.0
66,36476,303.96666666666664,5977.094887580593,49.61960720384874,94.2019658765611,44.58235867271237,6090.5
67,11135,92.79166666666667,5898.573933598967,26.050239460657902,65.74075754929605,39.69051808863814,832.5
68,23331,194.425,5944.422788679342,27.97909623538461,85.99269820610182,58.01360197071721,17.0
69,15350,127.91666666666667,5911.342875425805,26.238340778923806,85.30380905872816,59.06546827980436,0.5
70,25677,213.975,5898.3688833677925,33.93356818555743,76.42954032513936,42.49597213958193,936.0
71,14656,122.13333333333334,5947.967985117136,22.89976317532126,77.50244311223139,54.60267993691013,0.5
72,15301,127.50833333333334,5950.138973551193,36.81684398529013,77.88281727696962,41.06597329167949,242.0
73,16786,139.88333333333333,5921.119804510964,24.829500062148124,88.24325921898165,63.41375915683352,78.5
74,23761,198.00833333333333,5943.326162703757,62.8817953668417,91.92511591280216,29.043320545960455,280.5
75,13472,112.26666666666667,5941.931831728657,23.358979456170996,93.67320725908591,70.31422780291491,368.0
76,22188,184.9,5945.497772439746,31.433066986032916,82.55453229768297,51.121465311650056,63.5
78,8445,70.375,5901.991122094667,21.266710199894973,68.02935889084804,46.76264869095307,0.5
79,31154,259.6166666666667,5947.926911514195,25.551252805824433,97.15327126744508,71.60201846162064,1099.0
80,23824,198.53333333333333,5943.53576894285,23.2714833300097,81.76059258551889,58.48910925550919,36.5
81,17672,147.26666666666668,5898.6016218398145,23.985064478838886,76.63638986068867,52.65132538184978,4119.0
